{"users":[{"Name":"Test User","Email":"tester@comp3170.com","Password":"$2y$10$heFYr65A.u.ybvbOJL20ZO7Xx9s61taW088nR9yFCVLwaVHYGxFQm"},{"Name":"Geoff Stonebeck","Email":"GStonebeck@yahoo.com","Password":"$2y$10$MMliDBTt3FKp1drI\/FLSIOzX1TcX5Oxi\/WSqwST.Hhjjh8wgEzre2"},{"Name":"Steve","Email":"YaboiSteve@outlook.com","Password":"$2y$10$qD7QKEopFhKm7nIKQwrg8eBA9j1yfyXhDjMbf1jF3bSUsXQMNBmfu"},{"Name":"Steve Carrot","Email":"Carrot12345","Password":"$2y$10$ytfO5RHDpN2tyvXII6W1Y.wLrUG8z6n1MbQlb7Vl4L\/QsCp82cyuu"},{"Name":"Steve Carrot","Email":"SteveC@hotmail.com","Password":"$2y$10$MLciy2nPJz\/PvZNCGa.vZOQqee4\/NNKFNpT.n5aJ2UOkbAGwwhbzi"}]}